channel_id,channel_title,pagerank,betweenness,degree,num_edges,cluster_id
UC6sfgGx5u8qCpWeqMxFWpjQ,Crypto Trade1,0.002564166059518308,0.003520763039715396,0.4809160305343511,126,0
UCwQp7Wc1NIKrW4UTOgOmVKg,The Meaning Of Islam,0.0007068662874696399,0.00210727969348659,0.07633587786259542,20,0
UCZ245tjtaxNCb0Y4i9H9AXQ,Fernando Romero Moreno,0.0009209028937666397,0.007706127191518084,0.22519083969465647,59,0
UCFHAPATvu8q49hy53VPv6SA,Red Internacional de Promotores ODS,0.0017515121768284956,0.008965833983382463,0.4961832061068702,130,0
UCr-FJP6W-XeTsUXP1MZ57Tw,Enganchate Rock,0.007132972199696459,0.0016934629135208238,0.683206106870229,179,2
UCqZfd-NCxLmhacxgbJRsX3g,Yair EL SUPREMO OFFICIAL,0.002733888230131621,0.00532575406226367,0.6641221374045801,174,0
UCn8AIEPEb8fFyKTR-rHLvgQ,Saturday Not Alive ,0.004899211595394106,0.0016532940767388432,0.7366412213740458,193,0
UCPr0HEFKN8wtDIfcPsVB10Q,Telefe Rosario,0.0013925026126824995,0.004639518057522795,0.366412213740458,96,1
UCm6Mq-X3J-X8ZllubZ8cPNQ,impactotenis,0.001625215505779915,0.008342098076238636,0.47709923664122134,125,0
UCgOvQwLB387CWMrseINhyCg,El Destape Radio,0.003556721639165787,0.0015772854919121483,0.5152671755725191,135,1
UCbtxG0O44GJgAsnilAiNzoQ,Maria Leonor Schell,0.0007055625903146128,0.003996247968345889,0.09541984732824427,25,2
UCI8iQa1hv7oV_Z8D35vVuSg,Hardware Unboxed,0.008948582252995283,0.00010041628888693905,0.782442748091603,205,2
UCezDph124kEqi7YbJySCPDA,Cairns Champion of the Underdog!,0.0023933312901054816,0.007278881057068296,0.732824427480916,192,0
UCqyO6nX_2Ydqrw9tG6i-XLA,AusPhil Adventures,0.00107711679268501,0.004360622608845824,0.29770992366412213,78,0
UCAL3JXZSzSm8AlZyD3nQdBA,Primitive Technology,0.0014575954370164039,0.020582588567584614,0.5152671755725191,135,2
UCNVh-c5gKXi8Cv4WJL9oeEA,PickleTubeTV,0.007670688401851715,0.000559508605485617,0.767175572519084,201,2
UCc5ZvM72SAxmjyQypnJVBpQ,Melbourne AWS User Group,0.0017102074438587168,0.01330461278912626,0.6106870229007634,160,0
UC2kVTRayBzEO8DSfnmTIwmA,VALORANT GAMING,0.0011245919715044922,0.004131935304612325,0.2748091603053435,72,0
UCXSVYf4Q-e62eI8yqm7-FnA,Gas Heads Modshop,0.004046533782781952,0.0036276951188770087,0.782442748091603,205,2
UCtc_cSy8GsWK_gMGytienvg,Pakistani Mulhid,0.003699980759564789,0.0012661133789500906,0.5916030534351144,155,0
UC_opMg_Zj5SUCPP7LG2DT2A,George Christensen,0.0027583719115347113,0.016016807457537478,0.7442748091603053,195,0
UCAzKFALPuF_EPe-AEI0WFFw,TwoSetViolin,0.008435681561749812,0.000295724345912992,0.7977099236641221,209,1
UCWv7vMbMWH4-V0ZXdmDpPBA,Programming with Mosh,0.0021982715899534957,0.006645714109301018,0.6259541984732824,164,2
UCO0akufu9MOzyz3nvGIXAAw,Sky News Australia,0.0007066156153748158,0.019990362264644967,0.15267175572519084,40,1
UCyJmUjAQXASpOLi74qtqsvA,Peri Masalı,0.0028116275423670407,0.00043871194173905414,0.4580152671755725,120,1
UCHs6cvNVMkD_wOJebx4tN1A,All hellp video,0.003168527342889078,0.0016508103636295264,0.5610687022900763,147,1
UCCXbj7mQOa1g9hzCjU47FIQ,Digital Ad Rasel,0.0007026118080952192,6.093221413042418e-05,0.0648854961832061,17,0
UCfCcCbCikaiXXIybJQgRDjQ,Krishi Brittanto,0.0013421563336102034,0.0049210248868053535,0.416030534351145,109,0
UCKJeq9BByx-MtU0rknMAplQ,super car MO,0.009738135796485399,2.924746278260361e-05,0.6564885496183206,172,1
UCQIdQ9ijZ3_bdAesLGA3G3Q,Views of Faisal Muhammed,0.008097667627206423,0.00024226648338256657,0.6717557251908397,176,2
UC2v_vEk9ScCa_zGd-e7KoMQ,OnikaBakugan,0.0024904962333454576,0.007050739241227964,0.564885496183206,148,0
UCw8XEDi4jTvxcqHBeWEsu2w,TEAMTubers,0.006009870853759,0.00031830988661733594,0.5916030534351144,155,1
UCf360ura2uaKqLJY6-5yhiw,aldenes Silvio Oliveira Cordeiro Lins #🇧🇷.1996,0.004605191388427744,0.0030930732343384787,0.7977099236641221,209,0
UCtWH-myTBMdLintT1utY3Og,OnlyTrader,0.0007525555860671987,0.002982689912364388,0.11068702290076335,29,0
UCfnzqefqE9YN2zuSD4Odd8A,Rogério Anitablian,0.003072996002902655,0.0003933783744260185,0.5687022900763359,149,1
UCLz2fZgtev84GvoPRRaUeMA,Andre Rugal Recife,0.0034722105755543185,0.003508349222133552,0.8206106870229007,215,0
UCwAMl0rvjDOZ21brOP4XqzQ,FRC.BARBOSA,0.00328627308364465,0.002605695709143985,0.5458015267175572,143,0
UCUC_w9RqxN9MoZC5KcDOkRA,𝓜𝓢 𝓣𝓞𝓡𝓚𝓔𝓢 ♪,0.0013735071338551682,0.0019474632004245062,0.36259541984732824,95,0
UCOn69G7UxAIFwHJxNFbwahA,Pensar em Direitos Humanos - UFG,0.0035198782533736902,0.005405418579938192,0.8473282442748091,222,0
UCUjESp0k7F1uzE11zBS5aLw,BFP OFICIAL TV,0.000606702146037264,0.0006288204498259776,0.030534351145038167,8,0
UCnecaf9_nSWT__lhfu4EYpg,Classical Music for All,0.003827901532831587,0.0009551733887085295,0.5229007633587786,137,1
UCCLcQqYNOFu9eDFvdVn4__w,A Arte da Terra,0.003920647568749517,7.311865695650902e-05,0.4961832061068702,130,1
UC8hGUtfEgvvnp6IaHSAg1OQ,Jair Bolsonaro,0.007290487385532538,0.0003070983592173379,0.6450381679389313,169,2
UCNlCllCWYAtU7TzBNKwaMHw,ARTE DA GUERRA,0.005162229075860907,0.0005657759189390321,0.5610687022900763,147,1
UC_vslUWCqNyT056xazRBQ8w,Utensilios do Chef,0.0007146798111657866,8.774238834781083e-05,0.04961832061068702,13,0
UCLH-dSrQFwGBx3csuBHGUqA,PCO - Partido da Causa Operária,0.0022888051555290355,0.0015597032509377863,0.5343511450381679,140,0
UCC83Kcl8gzH8r0ou2Z9s_uQ,TV VIVA,0.003307183406905544,0.006798677179040432,0.6221374045801527,163,0
UC_W4p81y6sx0ojOucduhOHg,Evangelista Art Portfolio,0.001955527829743731,0.0048320068785980864,0.5038167938931297,132,2
UCtjcZNVZFi4NuiEYPLnXWcA,Judson Santiago,0.003027722509424136,0.0023880553361995847,0.6259541984732824,164,0
UCEaXaeR0DL62WwRlR2EMxEQ,COTV - CausaOperariaTV,0.00597543351991521,0.00024754727527387,0.6030534351145038,158,1
UCRQqxjHJ9w_vei7sOd4iRDw,Tempest Gold Botswana,0.0007249553593135399,0.012873133580337232,0.14885496183206107,39,0
UCUnc496-PPmFZVKlYxUnToA,Military Summary,0.005331415835080302,0.00040775837696079866,0.5687022900763359,149,1
UCodkb-qBktJI5NrUsPYpf7g,Jordan B Peterson Clips,0.007308593202203797,0.0007016605595178906,0.6603053435114503,173,1
UC1o3zxYPqLr4tpt9usZ6HYg,Your Video Source,0.0006419748531480836,0.0,0.04198473282442748,11,0
UC561W4wZZE_5GK00C0FCSsA,Elite High Performance,0.006033339873515989,0.0004908699170346972,0.8015267175572519,210,2
UC6URNtezaCWcvBjfe3642cg,AJETZ,0.002902163206268903,0.0008759615103389782,0.4389312977099237,115,0
UCe9FeQOaPCgE6zw9qPj0nCw,Shadow Mask / Теневая Mаска,0.0027034881358981044,0.006090331485172233,0.5610687022900763,147,0
UCfkk0WHZXTxIMiFAhxcvoHQ,dub mdee,0.002257023415217368,0.001172823257582405,0.45038167938931295,118,0
UC6hoYJjln2FhMlr1VOudssw,Ottawalks,0.00479040350850522,0.001325676069029583,0.6183206106870229,162,0
UCU6yEL9M4l3HYLxuhHgAg1w,PCM - O Pior Canal do Mundo,0.0017344689323824224,0.002109229524338764,0.4351145038167939,114,0
UCs9-XIXPfAF465u3OVdMILg,Christo Aivalis,0.004100250919847159,6.316059224719398e-05,0.5038167938931297,132,1
UCo9oQdIk1MfcnzypG3UnURA,The Rational National,0.008872103623389686,0.0006079642233893354,0.6908396946564885,181,2
UCVNMhqOqxZf-gyGrR3C7p7w,Marijuana Farmer Cannabis Oil Man,0.0006050740167199476,5.849492556520722e-05,0.022900763358778626,6,0
UCPwOPM0PbkY0S1V_OqA-xjg,Canada Soccer,0.004198995795719558,0.0005381533151999065,0.6335877862595419,166,1
UCciQ8wFcVoIIMi-lfu8-cjQ,Anton Petrov,0.009443996591920228,0.00017548477669562172,0.648854961832061,170,1
UChpiQjL38lHQfMkxHbo3_uw,Cannabis in Canada Inc.,0.0015852689556025358,0.0009269008413520126,0.23282442748091603,61,0
UCZG-5TSNgIlZtsm8o9qVtzQ,CARAPS رياض الصيداوي,0.008623261548660992,0.00212726545972137,0.7786259541984732,204,2
UC1c3005U60gq2DQAbsT1vcg,The Cryptonomist,0.003577239073313518,0.0021982253753772573,0.8282442748091603,217,0
UCkcR6LmTzCs93pmZ76bEy_g,Matarife Oficial,0.002825295815476482,0.0008808360874694121,0.7442748091603053,195,0
UCbmEhYKp59upSfnZcVqq7Ww,Hijo de la Luz,0.007555473267916433,0.0007682333557563883,0.7595419847328244,199,2
UCTX3vhdI6yhZ5SDMtAogOxA,Investigación y Postgrado ULS,0.006130166730488063,0.0008688817673638241,0.8473282442748091,222,1
UC1D9gjLa1t4x8v5NcMeo_BA,Datasur,0.0016045103467713612,0.018091401106668285,0.5114503816793893,134,0
UCbQHYpDdvTDgBk-8oGyydWA,nutrete con plantas,0.0008843025755235661,0.0010150262321886438,0.14885496183206107,39,0
UCaxIsKnhxr6bfaJFQc67-rg,ShanghaiEye魔都眼,0.0012893818417946106,0.0035424596559105645,0.33969465648854963,89,1
UCRMwA2NhuU8HxWx-MXQOHdQ,Pabón Abogados & Asociados,0.0014082432178793933,0.01798079463035154,0.5305343511450381,139,0
UCrymotzGCOewG4m9wLy4EmA,Medios Nel-cf Medellín,0.004224748608525866,0.0050601360331991195,0.8511450381679388,223,0
UCd7oY7eGJOfz2rrJlNiIgeQ,UNIC School of Law,0.0013684095102018336,0.002928437029516261,0.27862595419847325,73,0
UCVDuTK6xS88_wGEEPHupwaQ,SugarApes,0.001893566801221371,0.0003460949762608094,0.1564885496183206,41,0
UC7zuliu_B_qMonebL7IOpRg,Spreadshop Deutschland,0.0015872416848630821,0.0050892326162134,0.46564885496183206,122,2
UCk3Yor3bEwoNFmdAIGctMtg,Ministerio Evangelistico Unidos Por Las Almas,0.002617569580364702,0.005103438526707807,0.40839694656488545,107,0
UComm7W4UIS_sIP4QIj-afQQ,ECDF - El Canal del Fútbol,0.0019703920822276427,0.0018014347969599353,0.41221374045801523,108,1
UCoZFR4ew2PLX091Cxl8HT3A,VozMadridista,0.008685510071273037,3.655932847825451e-05,0.6450381679389313,169,1
UCG16P1MY-S4zW2p7PPee53g,Group 73 Historians المجموعة 73 مؤرخين,0.007360071261504236,0.0012264784244252528,0.7786259541984732,204,2
UC95s_u0YBGgszRhQI_hc56A,أحمد الطنطاوي - Ahmed Altantawy,0.0022385615981785965,0.002516616504946767,0.6564885496183206,172,0
UCxwVffSDrlpWS6jBCv2q2Bw,Ajuntament de Riudellots de la Selva,0.002146244637381157,0.01576843298129602,0.6679389312977099,175,0
UCi8XXfzlkhr29xCGRUY4Udg,Ghodye,0.002468324694005049,0.0018482771619562001,0.6450381679389313,169,0
UCHSOfqMtzD0_3i7_593NGGw,💀 SALVAJE 💀,0.0034156102875419958,0.0027933300000510673,0.6564885496183206,172,2
UC9PaqdwkcwhqwvgrLk0k-VQ,Sila Inglés,0.0013482589585665189,0.009395996950835943,0.3244274809160305,85,0
UCfeBWidHkfpo_CMBpjBCrcA,Canal Tirant,0.0046251001422668945,0.00016086104530431983,0.6984732824427481,183,2
UCsLF69vUi0gpZl1sM5C4UsQ,Concejalía de Igualdad. Ayuntamiento de Cartagena,0.0022242609856928494,0.011750436169142855,0.5534351145038168,145,0
UCxfusAsd_n5AMFheiipyaCw,Romain Molina,0.008959658470166464,0.00040881453533905934,0.8167938931297709,214,2
UCBeIuQX299e1MxFuSszHxtQ,Urdaibai Bird Center,0.003720052969531532,0.00816352395715386,0.6870229007633587,180,0
UCPhHoztv_7BUt_IykIjReVQ,Jordi Sabaté Pons,0.006734298644417047,0.0014301787729005418,0.7709923664122137,202,0
UCIPMa5b4VwJSBbWtvcHLazw,Est_Art espacio arte,0.0011681466032151247,0.01949946913533823,0.4541984732824427,119,2
UC-IL2TrWnqqT5pkieuA0dRA,salicru,0.0008469019028202434,0.024756340780294463,0.2595419847328244,68,2
UCS5gWLAaKdiLQb0m_FGxCDg,Canal Iker Jiménez,0.005162289597069095,0.00039321588852167077,0.599236641221374,157,1
UCFqLPdQm-k5uCI9gFaxraeA,Eugenio Monesma - Documentales,0.009559724833236118,0.000734459499924096,0.6984732824427481,183,2
UCoL-njX4mEWsaHlXFzWvUZw,Miguel Charisteas,0.00658194772759099,0.000787500596660902,0.9427480916030534,247,0
UC-7JB7ysqPxwOAYi9r8hU8g,Michael Rahal,0.005725974117756086,0.001557549257601903,0.7709923664122137,202,0
UCQwFuQLnLocj5F7ZcmcuWYQ,MetaBallStudios,0.002193776231201981,0.00710401246068527,0.6870229007633587,180,0
UCPUAmXQbsCzg8tQQ9_4wjLg,Emeline Parent Photographe,0.00113750956405629,0.010981404100207297,0.366412213740458,96,2
UCxOcNgFdfeR_LJTLuOZOwQA,Y Music lk,0.002262355125265365,0.0018385280076953325,0.564885496183206,148,2
UCPCaREz-JoiSmpfMih3IlIA,Rien ne veut rien dire,0.000947912376512456,0.0,0.08396946564885496,22,0
UCWelu8v0RXNofw2aKKWv9sQ,Micka cooking,0.0027651401877720892,0.006881719082298182,0.5877862595419847,154,0
UClt52aK1ZfqJd-zo2leycSg,Hydrelis,0.004190905732473593,0.002895614876838006,0.7748091603053435,203,0
UCje0YOPp1VPkIWU9CWfiN1A,Ragna-Rock,0.006924422301013662,0.002928715576780858,0.7213740458015266,189,2
UCtz48ubi_IGi6Hngmgpjjzg,Ozymandia Sadek,0.00251019706491266,0.0028485762626325934,0.6068702290076335,159,2
UCk-_PEY3iC6DIGJKuoEe9bw,JEAN-LUC MÉLENCHON,0.007076545843603766,0.00030953564778255486,0.6946564885496183,182,2
UC0m2GyoLCtuKlSzdFVq9DrQ,Jean Messiha,0.006659850418802864,0.002586775597216942,0.8206106870229007,215,0
UCjTbZBXEw-gplUAnMXLYHpg,Éric Zemmour,0.005152267911479454,0.0005111342305340725,0.8206106870229007,215,0
UCDC6DBi0kRp6Jk21xqfvFLA,Hugo Lisoir,0.008112455587882445,0.0008820547317520205,0.8015267175572519,210,2
UC4VOE8jQPWUPp4PpNK8zhIg,Pascal Boniface,0.00928404386248771,0.00017548477669562167,0.6908396946564885,181,1
UCmSgh8-2jUupnPPlZyhUucA,ArthurAntonenko,0.0015394276477957787,0.013719578576558492,0.5763358778625954,151,0
UCkwKma_u4prwxNHxVy16K0A,Latinoticias  Francia,0.007141285351580593,0.000286359249244219,0.8625954198473282,226,0
UC8fI14aJsjMRdfpDZQy0KRA,Kajima,0.0009794567489230042,0.009829851724648602,0.2862595419847328,75,0
UC2BmpDwbYxle6gjImeLv1Vg,ARTificial Video,0.00196453125119653,0.00411195270368737,0.4427480916030534,116,0
UCItZgtm_eZ5SD526J4-lFRg,MOTIVACTION,0.00400982708137125,0.00028243532016454715,0.6030534351145038,158,1
UCfzdsdUXCo4cp7wdnGqwPUg,Gilbert Collard,0.007417849370962167,0.0008321251345731474,0.6984732824427481,183,2
UC9hHeywcPBnLglqnQRaNShQ,Le Fil d'Actu - Officiel,0.0035271146474187575,0.00465086885855509,0.83206106870229,218,0
UCmR_GFbEo77DMtwjgXZSzMA,Gérard Al-Fil * TRAVEL * BIZ * STYLE,0.006026401031179131,0.0005288800125160571,0.6603053435114503,173,2
UCkZAdsyI0E7Sr_YOvOlzQmw,Printemps de l'Economie,0.001444552206473312,0.027340429029470002,0.5,131,0
UCVSwQC7dO9yBsNalRC6RqWA,numeum,0.0031199664363484947,0.003403952028590091,0.7633587786259541,200,0
UCCCPCZNChQdGa9EkATeye4g,FRANCE 24,0.0008827907191582082,0.0057127374557399985,0.23664122137404578,62,1
UCprKQRVkeqkJihLoz4_nyeQ,Akwantufuo TV,0.004281032127771351,0.009066794705559296,0.6183206106870229,162,0
UCNGvMJ62zxXxPdL_eNgEQig,One Way Fighting,0.001058512205250653,0.0019911022718779145,0.20610687022900762,54,0
UCjqUADYFeGG3s4J4B9MTXVA,SEON. Fraud Fighters,0.0027438936673076413,0.015444948868218152,0.648854961832061,170,0
UCxsGPkAwK3IySXOWXimsDeg,Bro Hajji,0.008486734258836422,0.0012610531036432587,0.7366412213740458,193,2
UCaRMivfyupj3ucUyJbZbCNg,Anglo-Link,0.002170163042530786,0.011454043415305159,0.6755725190839694,177,0
UCyvwcdNeCO723SatNpj4VZA,Zonjjy,0.004452355075733762,0.001486908510686698,0.6679389312977099,175,1
UCfsRp0AAJQII4EIfZeVoeRw,Animal Watch,0.005585503519713714,0.0015860481246109048,0.9045801526717557,237,0
UCuCgTBl5_dvDjL3Xx_kr7nQ,Wilderness Adventures UK (WA:UK),0.0024126795563024074,0.0019105905062735806,0.6755725190839694,177,0
UCFQgjyUtfsv6ITYIz6ztAiw,Sam Delaney's News Thing,0.0010881367484978544,6.434441812172795e-05,0.09541984732824427,25,0
UCrkPsvLGln62OMZRO6K-llg,Nick Chapsas,0.00881121953169971,0.0003948407475651487,0.7061068702290076,185,2
UC__rs6bBpun3fcQrS3xcswQ,Choto's Channel,0.0006280136260114981,7.555594552172598e-05,0.03435114503816794,9,0
UCllE9h_KLc-cgpYOdcLWIGQ,TFJJ,0.007233786506362451,0.003897537781454603,0.9465648854961831,248,0
UCIzXayRP7-P0ANpq-nD-h5g,The Sun,0.0014144811908446098,0.0031688771291298276,0.35877862595419846,94,1
UCuT2-AJOHr_mwytdz13eidg,Jamie West,0.0007998185959818253,0.008295671421932719,0.16030534351145037,42,0
UCnVR-SdKxQeTvXtUSPFCL7g,Neil Oliver,0.008755878509399689,0.0011822242277625275,0.83206106870229,218,2
UCtuvpPNTY1lKAoaVzBrzcLg,ExamSolutions,0.003882322297904199,0.015930919940747086,0.8702290076335878,228,0
UCHyl55wMzhl7_TvocwepnPQ,Katie Home Cook,0.0008783977910379653,0.003752217352287546,0.1564885496183206,41,0
UCFl4AlTfyIfF32GnNZpBJXQ,Techfugees,0.0009594125224697317,0.0033137491394050144,0.20229007633587787,53,0
UCMmVPVb0BwSIOWVeDwlPocQ,The United Stand,0.00281325131868639,0.00016573562243475377,0.4580152671755725,120,1
UC7Qev-A8yxxVtiOZT2mFCNA,hazel taffy,0.003051967915544912,0.0035847640217211165,0.6106870229007634,160,0
UCBN-bb-hE7jYlcp4exwXRsQ,Celtic FC,0.003815960927104304,7.77843236384958e-05,0.5038167938931297,132,1
UC6ELw6H0PsZhIE9VkutZ17w,Skyaaz Podcast,0.0028220156454404556,0.004925063822142002,0.7213740458015266,189,0
UCWRPbx3vmQKoZvE_l8m3MYw,This Is Jessica Okah,0.0036085054846098615,0.004395337616799405,0.7442748091603053,195,0
UC8dxVgZl9u5HeCOXnosCtuQ,McLaren,0.0047248970658159434,0.0009113370129426989,0.5572519083969465,146,1
UCVSE1ThLItD7q-O7hzXYUmw,英伦郭哥一家人,0.0068671764707506815,0.0004421241457303579,0.8816793893129771,231,0
UCAv0q1Tv9FpDrnhkvNq1FVA,Directors Cut Theatre Company,0.0006681184289644011,0.000635435947360138,0.0648854961832061,17,0
UCKJKt8kmDXrWQAGkTV1VHMQ,Emma Bennet ,0.007674011076300814,0.0003970691256819186,0.7862595419847328,206,2
UCFOBnlWbhRdlegy96uKtT0Q,Modhar Alhilou السيد مضر الحلو,0.005247211292265968,0.0027445726226107033,0.8854961832061068,232,0
UCG6usHVNuRbexyisxE27nDw,Joey Carbstrong,0.006443976720099831,0.002031433594564243,0.732824427480916,192,2
UC5KIGBVmpvYanoWhHyJwYpg,Mat Wilson Motivation,0.003722471670783094,0.0031048967216379697,0.49236641221374045,129,0
UCXSgxspYrTYxfELNpz13Fig,BARAK ON THE MOVE,0.0009216095949481557,0.006594397578867173,0.2213740458015267,58,0
UCeQUY4NB223GWtVEu1Q1vLg,Callum Abroad,0.00426172190361424,0.003977216015471696,0.8167938931297709,214,0
UC5oOmwZcXLmVKCKa1x6mbYw,John Hodgson,0.0033503685038977315,0.004051970082504433,0.7748091603053435,203,0
UCnY7SulL1XsnI6IPhLv-iqg,Let's Kill Twitter,0.0017386610120211253,0.0015318358632388641,0.35877862595419846,94,0
UC7tXqfX2b4wli6zkytVBihQ,Knock EPC,0.004869792139703398,0.0008077174305129029,0.866412213740458,227,0
UC_Iq-ElfelWUEhrLUSSc9NA,EDO LAKOUL BUSINESS TV,0.0016936413188534034,0.004886276115546975,0.42366412213740456,111,0
UCgV4T1wDRd4AV31qGYbY39g,Official Jeremy Corbyn Channel,0.003814861312860452,0.0024640892435048795,0.7022900763358778,184,1
UCGJ8-xqhOLwyJNuPMsVoQWQ,FPL BlackBox,0.005602763084833691,0.0014621294102736587,0.8702290076335878,228,0
UClHU2R-nz_tt_nhk0YXrKmA,The Unsettled,0.0016458883170032434,0.0014260923579165225,0.3511450381679389,92,0
UCV0Zwat3Yrr8uyaQV6rvtpw,stevens allsorts,0.0031043198525583333,0.0005420529769042536,0.4541984732824427,119,2
UCF9IOB2TExg3QIBupFtBDxg,Dr. John Campbell,0.0077837393727989744,0.0004935509344564359,0.6717557251908397,176,2
UCVS472T96gZEkfnzG9T7Ung,Centre for Sight - Eye Hospital Sussex,0.0027160646958697575,0.0018388076100632035,0.5190839694656488,136,1
UC9cvVvlvr-qBssphm1EdYGQ,Andy Guitar,0.00802989996263328,0.0002983241203825568,0.6450381679389313,169,1
UCs8SA3E0FAGsI6fdHZe88oQ,Renegade Inc.,0.003158254298442545,0.0054180518590012305,0.5534351145038168,145,0
UCswH8ovgUp5Bdg-0_JTYFNw,Russell Brand,0.004423408881336515,0.00010724069686954658,0.5267175572519084,138,1
UCMasyWuE1P2AaEKw_FkGq9g,UK Parliament,0.005410221207324303,8.28678112173769e-05,0.6183206106870229,162,1
UCxtbUzEzRpX1B9sGbRudG6g,York Cardiology,0.005480835481419497,0.005193444111580463,0.8625954198473282,226,0
UCp68_FLety0O-n9QU6phsgw,colinfurze,0.0031426862066284323,0.00833596898131425,0.7900763358778625,207,0
UCJ-vHE5CrGaL_ITEg-n3OeA,TheraminTrees,0.0006373818581619163,0.0010602205258693805,0.04580152671755725,12,0
UCGJDP2vX1vAnUp3C3oz9daA,SuperYachters - The Superyacht Channel,0.0019057265261869264,0.010954244686805894,0.6755725190839694,177,0
UCEFEYAywMUVbHTo0y8T7_cA,TrueMobster,0.008328889026370672,0.0006598088330123077,0.732824427480916,192,2
UCtxBIYgTXRiP2clvl75nDUg,Dog Sanctuary & Rehabilitation Center Georgia EU,0.004985432885970642,0.0007909349578209807,0.6755725190839694,177,2
UCkx01nTggGxs4f6kTDl2Bfg,Sahara Football,0.008173925261164365,0.00023986401322542413,0.6412213740458015,168,1
UC1HkNnLJrMjmG0QClmvNR2w,Sabonzy Academy,0.0017109136323999463,0.002084856638686594,0.366412213740458,96,0
UClrXL7jFPg6hHVBD-DaIrZA,sdk dele,0.0023458745329218876,0.009969682451475908,0.6984732824427481,183,0
UCfqAKZyFOKG2kd1I-YzkynQ,Amos and Friends,0.002025440583058225,0.0023053267986145065,0.38549618320610685,101,0
UCdi82kWpthyWgEGSgHfERJw,the best of the best,0.0038354364108411213,0.0008060461469253261,0.583969465648855,153,2
UCBETogDk3uVTZgxFz_cocwA,VeStoTheMagician,0.0023065987798101574,0.014793007940327412,0.6946564885496183,182,0
UCtAanHA6HvqPdhEZco_Rn1Q,Χρήστος Αράπογλου,0.0010182857996939474,0.001569126378286684,0.18702290076335878,49,0
UC6cF_2V1vNKx-nFdGd8cOcA,Alex Christoforou,0.01081535384864459,8.774238834781083e-05,0.6603053435114503,173,1
UCv361SF6FKznoGPKEFG9Yhw,陈秋实 Qiushi Official,0.002266823002245434,0.008755303423856553,0.5954198473282443,156,2
UCatk5UyCctFhrFmYQfMiayg,Kang alit,0.0015467969223815555,0.012005260491704296,0.549618320610687,144,0
UCWDT2-UCGXRs0iPuT-X26-w,Karni Ilyas Club,0.0022638804591832676,0.004871877121153246,0.549618320610687,144,0
UC3dffH7UxCE9QY98kO3X7rg,Felysha Management,0.001047500964133659,0.003269750277734835,0.22519083969465647,59,0
UCYEa4_MC7OFjcWrO6SO-u8g,Indonesia Lawyers Club,0.003711324131665078,0.001028698260425908,0.5687022900763359,149,1
UCXHCw4Zx1eBsKGd8SyXuJFA,MKF Music Channel,0.005344502183173508,0.001201132733553546,0.7748091603053435,203,0
UCk2O0GEshwvrQ3Qxa5N9w1w,Fana Vibes,0.0014244253261024747,0.009844661154216302,0.42748091603053434,112,0
UCqpncqCu0GqwObpHkqZeoNw,Arane Hannya【Yorukaze】,0.000598333831748811,0.0010555675204266938,0.03435114503816794,9,2
UCJfm1Zzk_SZhcFi4OfdpVsA,Hodari Podcast Rakyat,0.0057236215216890625,0.0005042750041433907,0.5801526717557252,152,1
UCySdw6QbghPVDBok_GVJOgg,Bambang tjg,0.001515666122562568,0.004296568344124718,0.42748091603053434,112,0
UCemiPI4wyYvriNx2xJL3Eaw,A & O Magazine,0.0015282211350260324,0.0024230942608585845,0.36259541984732824,95,0
UCyXvzhRMY43pJIV53fW4QWA,Dublin SmartPhone Film Festival,0.0006976872047979125,0.0009417683015998361,0.06870229007633588,18,0
UCXI3D1KtnJxx4BVJ-MGErdA,OtherVoicesLive,0.005984127113002986,0.0006371072309477154,0.9122137404580152,239,0
UC3M7lnuPeER9xYTe6aN_vfQ,Abood Edits,0.0008652171121392137,0.0029986657586025837,0.16793893129770993,44,0
UCQwHeoWkNyNmbesSqRU-e0w,מתמטיקה עם אלון פרידמן,0.003707786865117877,0.0010512838011302518,0.7442748091603053,195,0
UCjSm-ReXhnBs2zAv9SbTdLQ,16th October Group,0.0011361379791367124,0.004331143023342726,0.30916030534351147,81,0
UCH8ew02NkjRi33FmeYCbVdQ,"מגדלור - המכון ללימודי שפת הגוף. ד""ר אמיר הלמר",0.005357223479999618,0.0017986609304499975,0.9045801526717557,237,0
UCptHdLy6B3hOngFxBCysAqA,Stockadda,0.0014725378086778446,0.002809683045710071,0.30916030534351147,81,0
UCdD-DHIxxelM2dMtoEBxxwA,ThalaiMagan,0.0006583708449258898,0.003423044122350958,0.08015267175572519,21,0
UC_xBkUq2z-rbp2mbZal-0cw,Vivek Gupta,0.0067020312374223906,0.0010115443913811908,0.8167938931297709,214,1
UCJh4EQMRPQf9Vw0ifMmv7bg,Yogesh Dwivedi,0.000672293635141231,0.003957947719463908,0.08778625954198473,23,0
UCxsBvuksAUvbJT86CCjdEag,Ravi Chaudhary ( तेरी मेरी बातें ),0.0031675475504422037,0.00034637352352540556,0.47328244274809156,124,1
UCAd8xbeWFxcUn_cc2tKZQ9Q,ECO LANDMARK PROPERTIES ,0.0045121848749561586,0.0008421644422346361,0.8129770992366412,213,0
UCtWZmioSBWQOT6lg_IW_gTQ,COUNTRY TURTLE GAMING,0.0012580938799686154,0.0011382137599563237,0.26717557251908397,70,0
UCRE6A14sMndquqE2Qpp3Txg,NirabhBlogs,0.0009332288721431959,0.0053994424749886725,0.23664122137404578,62,0
UCs4O2dZXZjHRXnSknEtfxyQ,Mufti Akhtar Husain Qadri,0.003913207451371106,0.003548135056426712,0.8091603053435115,212,0
UCpzCD_tg6RekbSP7qIFjybA,The Melodramatic Bookworm,0.007939638725289733,0.000560088912286859,0.8816793893129771,231,0
UCb8WiD1MrN-CgFsbxf36BLg,K.Annamalai,0.0051700501186482,0.0005490767994058334,0.6297709923664122,165,1
UC2mTuJa6kFsjoSLbNisjzZw,P4DZY,0.004672290956002392,0.0009212950776520138,0.6335877862595419,166,0
UChWtJey46brNr7qHQpN6KLQ,The Wire,0.0030017622277513545,0.0003132263990384549,0.4618320610687023,121,1
UCwRLhLs7Mw0ZhMZPiJ6e81w,AAMA BHASA,0.003863532569490305,0.004186600205289333,0.7519083969465649,197,0
UC6kMU8Kcb_BjV_b6k5j3Mdw,Deepak Sharma,0.007266019239421935,0.00027395123473038723,0.6145038167938931,161,1
UCQDzxZXexErD1lnef17Ej7g,Followers Of Kabir,0.007521582690637469,0.00032269700603472637,0.6221374045801527,163,1
UCnZ5rC2_JY0EuYMGMiAbISg,Adhish K,0.001584460348350952,0.004419651416668176,0.3969465648854962,104,0
UCAmxSRxgZbFaVmhO60ISZig,Diecastco,0.0067642313861316986,0.0006761850909433606,0.6984732824427481,183,0
UCwkYPsMhttFdZ-GUUGWVacQ,Mystery of Crypto,0.00714019853933183,0.0015366882832005234,0.6946564885496183,182,2
UCjLbLDzH7flSZqaE7f-b9QQ,Manya SHT,0.003540882900358439,0.0008055586892122826,0.564885496183206,148,1
UCOUnJ7GfBxvBt8wRM_Ucn7A,JOBWORLD,0.005841407588912976,0.0001876712195217065,0.6450381679389313,169,2
UCx0QAP4KDWapTmS3qtrr7LQ,Soryfaama International,0.0015896804468947716,0.0027214078302083915,0.34351145038167935,90,0
UCIUuwwBgm1gmcESLKNAw4Qg,PB15 Route,0.003641309770136983,0.0006541682509042341,0.7061068702290076,185,2
UCZGJKg2YnudcLWAqG1G--Mg,𝐆𝐊 𝐑𝐚𝐬𝐢𝐲𝐚 𝐇𝐃,0.0064260718998706235,0.0018995530709139553,0.7748091603053435,203,2
UCWxqSvqiH8PGpSNPSVtFwGw,Prasar Bharati Archives,0.0028132513186863903,0.00016573562243475377,0.4580152671755725,120,1
UCNNx16re-zaNe4myV8g2DIw,Option striker,0.0011712805671207022,0.004287509754957328,0.27862595419847325,73,0
UCryGOwKCWRf8JyRLJTP3pAg,SWAN LIVELIHOOD,0.0029622347903884147,0.0008676747292172404,0.6450381679389313,169,0
UCZuZp-HInqZjIyXOmYDbLiQ,PICTURE PLUS पिक्चर प्लस,0.007707210186449796,0.0001791407095434471,0.8587786259541984,225,1
UCW2BKQiTJRp7GqdVFIn4ZaQ,Force Magazine,0.004567799050168861,0.004445283568079041,0.8129770992366412,213,1
UC7D-Q8fEyZwsgvo5GC3jc2w,Neha Rangoli & Art Designs,0.000943068326021094,0.0008435455724215925,0.1297709923664122,34,0
UCVsld5rx4XHN0ferWrWrGuQ,Indologia,0.0034059982686472164,0.0019603460114120817,0.6068702290076335,159,2
UC7rrmvoav-qfADaFLSN6rMw,OPEN IDEA CHANNEL,0.0019659579859085895,0.004342110821886202,0.4465648854961832,117,0
UCqPqThb8rpQBsk-x9DsK4AA,K P Muhana,0.0034779049967298245,0.0012737860899657864,0.7633587786259541,200,0
UCMPE54OTg2P9E2Ad5NOTMNA,D TECH ENTERTAINMENT,0.008792141712586587,2.1935597086952708e-05,0.648854961832061,170,1
UCdIawGl2i_LOIHmGUw1S9Ug,Live Law,0.003031756313927282,0.0008469925948209709,0.47328244274809156,124,1
UC1NF71EwP41VdjAU1iXdLkw,Narendra Modi,0.0016054605294083383,0.0019666164901753214,0.38167938931297707,100,1
UCPxYHOO3XKcLBPh2CUABhdQ,I Support Narendra Modi,0.0011163011630102799,0.022667108628326497,0.3244274809160305,85,0
UCoabIjVbkTBBMUQ4hGHrCMQ,Mohamed Ali Jinnah,0.003975931855181149,0.0009690659335302663,0.5954198473282443,156,0
UCYlB1BOSEimshZX83yIeoVw,Telly Chaska,0.006989018486263298,0.00029905530695212187,0.6755725190839694,177,2
UCjk-gRIp3Bk9Q1-tynFB96g,Citizens for Justice and Peace,0.006617882391139983,0.0028623516909908066,0.8969465648854962,235,0
UCkg071XryJmW15FNxNNtgsQ,Università degli Studi di Urbino Carlo Bo,0.007316962346363501,0.00040215261326079964,0.8015267175572519,210,2
UCMqW0TliPGSJO0BFFUK1iYA,Valerio Zafferani - Persone da raccontare,0.00155377763430453,0.01198746828517821,0.549618320610687,144,0
UCPbC93d2BXhPtoZbBM8mWbw,Francesco NinetyFour,0.0015806846754604868,0.0019254358093526295,0.3320610687022901,87,0
UCxfPjORdISQSn2fV8tcVmgA,eSerie A TIM,0.0025636666587556273,0.0026890952924119547,0.6374045801526718,167,2
UCvvDSwcv7TTIWHxc6tX3tOA,Mary's Meals Italia,0.001969476970843454,0.0042864847221256806,0.6030534351145038,158,0
UCqeMUNvEP3ZfojqcAHavTCg,Vivienne cuisines,0.0010731100284576862,0.002818724225673423,0.21374045801526717,56,0
UC_Cq0nMZeo6X4AIGzObVfrA,Min0 Taur0,0.000572191493419798,0.0,0.0,0,3
UCXYkqwtLIBu7SHDp8j36b3w,TIZIANA RIVALE Official,0.0018109760861843688,0.00241129082052132,0.35877862595419846,94,0
UC4JqMezhaIWdWeGqRK2gLNw,Convergenza Socialista,0.00618909960822142,0.0007628132902327867,0.782442748091603,205,2
UCKcx1uK38H4AOkmfv4ywlrg,AC Milan,0.003971762654328851,6.316059224719398e-05,0.5038167938931297,132,1
UC_sc9_1qsxrVg8xdVZcZU0A,"YESTERDAY, TODAY...",0.004866456809803475,0.001195606102599171,0.6335877862595419,166,2
UCgWheIvTkfi0a-eN_Pubhiw,Synth Cloud,0.0055049958463657305,0.0002990553069521219,0.6221374045801527,163,1
UCyOfqgtsQaM3S-VZnsYnHjQ,HALIDONMUSIC,0.009896014317976208,1.4623731391301805e-05,0.6641221374045801,174,1
UCBLs6UlxeRgXv6KoLPQk8LA,MERITA BUSINESS PODCAST,0.007072758419503339,0.0029657064424985814,0.7786259541984732,204,2
UCv7hPaqfIM06j3B1vOgSPyg,久々湊るい - Kugumi Rui -,0.002897493762829497,0.0017070547539091894,0.6183206106870229,162,2
UC1SoXhy6ERfINFzzJApTKDQ,はなび「サブch」,0.003121784867327264,0.0030515201020597186,0.5419847328244275,142,0
UCFPvEmnUfjf-dkCC01lAGDw,まあくんハウス,0.004121943307138936,0.0012591043278943601,0.8053435114503816,211,0
UC4UB8NLvP8qebZghutcg_Sw,エボリューシュンチャンネル,0.003104831208046974,0.005152103055059974,0.7366412213740458,193,1
UCQO3qJmwQEkpeRdK0Xna0cQ,金子吉友の「あつまれニュースの森」,0.009447990450898405,0.002034161036530082,0.7595419847328244,199,2
UCj203lFWs6w0CVlJ22w8oWw,山緑色,0.006760267595378264,0.0007467852163824788,0.9198473282442747,241,0
UCuLJbkrnVw6_a35M0rk8Emw,葬儀葬式ｃｈ有限会社佐藤葬祭,0.007558960144338404,0.0022883828951215106,0.8129770992366412,213,0
UC0gpekdxUu5gN5SPGd9Nrdg,"参政党の部屋【さんせいとう,sanseitou】切り抜き",0.003783003625557877,0.000864100039321589,0.583969465648855,153,0
UC0z-b8vj3VQf9yvCI4_6G1g,チェリーゴルフチャンネル,0.004033844331430019,0.004003672202540323,0.7251908396946565,190,2
